Дата,Направление,Тема,Что делала,Артефакты,Сложность,Время,Комментарий
2026-04-28,Алгоритмы,LeetCode 217: Contains Duplicate (разминка),"Решена задача на проверку дубликатов через HashSet (map[int]struct{}). O(n) time, O(n) space. Проверка наличия ДО добавления в map.",day_23/main.go,1,0.3ч,Разминка без тестов — моделируем собеседование
2026-04-28,Алгоритмы,LeetCode 560: Subarray Sum Equals K,"Решена задача на подмассивы с заданной суммой через Prefix Sum + HashMap. O(n) time, O(n) space. Ключевой инсайт: prefixSum-k в map даёт количество подходящих подмассивов.",day_23/main.go,3,2.5ч,Сначала разобрали через prefixSum массив, потом через totalSum+leftSum
2026-04-28,Алгоритмы,LeetCode 1480: Running Sum of 1d Array,"Решена задача на накопительную сумму. O(n) time, O(1) space (in-place). Ранний выход для len==1.",day_23/main.go,1,0.5ч,Оптимизация: без создания нового среза
2026-04-28,Алгоритмы,LeetCode 1732: Find the Highest Altitude,"Решена задача на максимальную высоту при изменении высоты. O(n) time, O(1) space. prefixSum + maxAltitude переменные.",day_23/main.go,1,0.5ч,Аналог runningSum, но ищем максимум вместо возврата среза
2026-04-28,Алгоритмы,LeetCode 724: Find Pivot Index,"Решена задача на индекс, где сумма слева = сумме справа. O(n) time, O(1) space через totalSum+leftSum. Также реализован через prefixSum массив (O(n) space).",day_23/main.go,2,1.5ч,Два подхода: через totalSum (лучше по памяти) и через prefixSum массив
2026-04-28,Математика,Khan Academy Unit 13: Triangle side lengths - Pythagorean theorem application,"Продолжение изучения теоремы Пифагора и её применения. Расчёт сторон треугольников, решение задач на расстояние.",Khan Academy,2,2ч,Перерыв ~2ч не включён в учёт времени
2026-04-28,Математика,Khan Academy Unit 13: Triangle side lengths - Pythagorean theorem application (continued),"Изучены темы: Use Pythagorean theorem to find perimeter, Use Pythagorean theorem to find area, Pythagorean theorem word problems. Закрепление применения теоремы Пифагора к геометрическим задачам.",Khan Academy,2,1.5ч,Завершение Unit 13. Перерыв ~2ч не включён в учёт времени
2025-03-26,Математика,Дроби: сложение/вычитание (разные знаменатели),Unit 13 на Khan Academy,day_3/main.go (задача на скорость загрузки),2,1.5ч,Правило: привести к НОЗ → сложить числители
2026-04-29,Алгоритмы,LeetCode 1: Two Sum (повторение),"Повторение задачи. One-pass HashMap: ищем complement в мапе, если нет - добавляем текущий элемент. O(n) time, O(n) space.",day_24/main.go,1,0.3ч,Разминка: вербализация + код. Ревью: 2026-05-06
2026-04-29,Алгоритмы,LeetCode 525: Contiguous Array,"Решена задача на поиск максимального подмассива с равным количеством 0 и 1. Prefix Sum паттерн: prefixSum-- для 0, prefixSum++ для 1. Когда prefixSum повторяется - количество нулей и единиц между точками равно. O(n) time, O(n) space.",day_24/main.go,3,1ч,Ключевой инсайт: превращаем в задачу на prefix sum
2025-03-26,Математика,Умножение/деление многозначных чисел,Unit 14 на Khan Academy,-,1,0.5ч,Вспомнила быстро
2026-04-29,Карточки,Go - повторение,"Повторила карточки по Go (Goroutines, Channels, Select, Mutex, WaitGroup, Context, Defer, errors, DI, Generics, Clean Architecture, Ports & Adapters, DDD). Интервальное повторение для закрепления в долговременной памяти.",Программирование Карточки.csv,1,0.6ч,Интервальное повторение
2026-04-29,Математика,Khan Academy Unit 13: Pythagorean theorem in 3D,"Изучено применение теоремы Пифагора в трёхмерном пространстве. Расчёт диагоналей прямоугольных призм, расстояний между точками в 3D.",Khan Academy,2,0.3ч,Завершение темы
2025-03-26,Математика,Деление дробей,Unit 15 на Khan Academy,day_3/main.go (расчёт времени загрузки),3,1ч,Перевернуть и умножить — не забывать!
2025-03-26,Математика,Умножение/деление десятичных дробей,Unit 16 на Khan Academy,-,2,1ч,Перемещать запятую — удобно
2025-03-26,Go,Практика: дроби в коде,Решила задачу на расчёт времени загрузки файла,day_3/main.go,2,1ч,Связала дроби с реальной задачей: ⅔ МБ/с
2025-03-26,Карточки,Go Concurrency,Повторила все 6 карточек,Программирование Карточки.csv,3,1ч,Goroutines/Channels/Select/Mutex/WaitGroup/Context — всё свежо в памяти
2025-04-03,Математика,Степени десяти и экспоненты,Unit 17 на Khan Academy,-,2,1ч,Связь с Big O: O(n²) vs O(10ⁿ)
2025-04-03,Математика,Сложение/вычитание отрицательных чисел,Unit 18 на Khan Academy,-,2,1ч,Правило: минус на минус = плюс
2025-04-03,Математика,Умножение/деление отрицательных чисел,Unit 19 на Khan Academy,-,2,1ч,Чётное количество минусов = плюс
2025-04-03,Математика,Курс Arithmetic — ЗАВЕРШЁН,Весь курс https://www.khanacademy.org/math/arithmetic,-,3,0.5ч,Фундамент математики готов!
2025-04-03,Карточки,Умножение,Повторила карточки по умножению,-,1,0.5ч,Быстро и уверенно
2025-04-03,Карточки,Go Concurrency,Повторила 6 карточек,Программирование Карточки.csv,2,1ч,Уже легче объяснять
2025-04-04,Карточки,Умножение + Go Concurrency,Повторила карточки по умножению и 6 карточек по Go,-,1,0.5ч,Утренняя рутина
2025-04-04,Go,Калькулятор дробей: TDD + Алгоритм Евклида,Разработка через тестирование (Red-Green-Refactor),day_4/main.go,4,3.75ч,Реализовала Fraction.Add() с тремя ветками: одинаковые знаменатели; кратные; общий случай через НОК. Сложность O(log n)
2025-04-04,Go,Go 1.21+ built-in functions + Skills,Исследовала max() и min() как builtin функции,.serena/skills/algorithms-mentor/SKILL.md,2,0.25ч,Добавлено в skills: версия Go 1.25.8; TDD методология; связь задач с алгоритмами
2025-04-04,Go,Калькулятор дробей: завершение (Subtract/Multiply/Divide),"Реализовала вычитание, умножение и деление дробей. Завершён полный калькулятор с 4 операциями.",day_4/main.go,3,1.5ч,"Subtract: приведение к общему знаменателю + вычитание. Multiply: числ*числ/знам*знам. Divide: умножение на перевернутую дробь. Все операции с автоматическим сокращением."
2025-04-04,Алгоритмы,LeetCode 1071: GCD of Strings,Начала решать задачу. Реализовала первый подход к алгоритму.,day_4/main.go (gcdOfStrings),4,3ч,Задача на применение Алгоритма Евклида для строк. Продолжу завтра.
2025-04-05,Алгоритмы,LeetCode 1071: GCD of Strings - РЕШЕНА,Применила Алгоритм Евклида для строк: проверка s+t==t+s + НОД длин,day_4/main.go,4,1.5ч,"Ключевой инсайт: если s+t == t+s, то есть общий делитель. НОД длин даёт длину ответа. Сложность O(log min(len(s), len(t)))."
2025-04-05,Алгоритмы,LeetCode 1979: GCD of Array - РЕШЕНА,НОД минимального и максимального числа в массиве. Использована стандартная библиотека slices.Min/Max,day_5/main.go,2,0.5ч,"Задача на применение Алгоритма Евклида. Поняла, что в условии просят НОД только min и max, а не всего массива."
2025-04-05,Алгоритмы,LeetCode 914: X of a Kind in a Deck of Cards - РЕШЕНА и ОПТИМИЗИРОВАНА,Применила Алгоритм Евклида для подсчёта частот карт. Убрала лишнюю сортировку; добавила ранний выход.,day_5/main.go (hasGroupsSizeX),3,1ч,"Поняла: нужно искать GCD всех частот; если GCD >= 2 → можно разделить. Оптимизация: len(deck) < 2 → false сразу."
2026-04-05,Алгоритмы,LeetCode 1447: Simplified Fractions - РЕШЕНА и ОПТИМИЗИРОВАНА,"Решила задачу поиска несократимых дробей. Применила Алгоритм Евклида для проверки взаимной простоты числителя и знаменателя. Оптимизировала производительность.",day_5/main.go (simplifiedFractions),3,1ч,"Оптимизации: strconv.Itoa вместо fmt.Sprintf, pre-allocation слайса make([]string, 0, n*n), упрощённое условие GCD == 1. Улучшение: с 14ms до ~6ms. Вложенные циклы: j от 2 до n, i от 1 до j-1."
2026-04-05,Алгоритмы,Практика распознавания паттернов GCD,"Провела анализ 5 решённых задач на алгоритм Евклида. Выделила паттерн: GCD нужен когда нужно разделить несколько величин поровну и найти максимальный размер части. Потренировалась на тестовых задачах X/Y/Z (LCM vs GCD). Записала правила в skills.",algorithms/patterns/gcd-recognition,3,1ч,"Ключевой инсайт: GCD = наибольший общий делитель (что помещается ВНУТРЬ), LCM = наименьшее общее кратное (где встречаются СНАРУЖИ). Формула: LCM(a,b) = (a×b)/GCD(a,b)"
2026-04-05,Математика,Basic Geometry - Unit 1: Intro to area and perimeter,"Пройден первый юнит Khan Academy. Темы: площадь и периметр прямоугольников, квадратов, треугольников. Формулы: A = l×w, P = 2×(l+w).",Khan Academy,2,2ч,"Восстановление базовой геометрии. Идёт не очень трудно, но требуется восстановление памяти. Перерыв ~43 минуты не включён в время учёбы."
2026-04-06,Go,Конвертер температур: C→F и F→C,"Реализовала конвертацию температур с округлением до 1 знака. TDD: 8 тестов (включая edge case с большими числами). Закрепила работу с float64, отрицательными числами и проблемой точности.",day_6/main.go,2,1.25ч,"Использовано math.Round для решения проблемы float precision (7 != 7.000000000000001). Break ~43 минуты не включён."
2026-04-06,Go,Конвертер валют: RUB↔USD,"Реализовала двустороннюю конвертацию валют с использованием целочисленных копеек/центов для избежания float-ошибок. TDD: 5 тестов. RUBUSD: rub,kopeck→dollars,cents. USDRUB: dollars,cents→rub,kopeck с обратным курсом.",day_6/main.go,3,2ч,"Обратный курс: rate=0.012 означает долларов за рубль. Избегаем float-ошибок финансов через целочисленную арифметику + округление."
2026-04-06,Алгоритмы,LeetCode 168: Excel Sheet Column Title,"Реализовала конвертацию числа в Excel-заголовок колонки (1→A, 27→AA, 703→AAA). Использован алгоритм деления с остатком (вариация Евклида) с корректировкой для остатка 0 (Z). TDD: 9 тестов.",day_6/main.go,3,2.75ч,"Ключевой инсайт: остаток 0 → буква Z, quotient--. Алгоритм Евклида применяется не только для GCD, но и для систем счисления (27-ричная без нуля)."
2026-04-06 18:47:41  # TASK_COMPLETE: LeetCode 168 - Excel Sheet Column Title
2026-04-06,Алгоритмы,LeetCode 171: Excel Sheet Column Number,Реализовала обратную конвертацию Excel-заголовка в число (A→1, AA→27, ZY→701). Использован base-26 алгоритм: result = result*26 + текущая_цифра. TDD: 10 тестов.,day_6/main.go,2,1.5ч,Прямой алгоритм без специальных случаев — цикл работает для всех длин строк. Связь с задачей 168: обратная операция.
2026-04-06,Алгоритмы,Исправление: LeetCode 171 - не Евклид,В задаче 171 (Excel Sheet Column Number) используется прямая конвертация системы счисления (умножение*26 + сложение), а не алгоритм Евклида. Евклид использовался только в 168 (деление с остатком). Это важное различие для понимания.,day_6/main.go,1,0.1ч,Алгоритм Евклида = деление с остатком (обратная конвертация). Прямая конвертация = умножение + сложение (обычная арифметика).
2026-04-07,Алгоритмы,LeetCode 504: Base 7,Реализовала конвертацию целого числа в 7-ричную систему счисления (100→202, -15→-21). Использован алгоритм Евклида (деление с остатком) с обработкой отрицательных чисел.,day_8/main.go,2,1.5ч,Отрицательные числа требуют специальной обработки: работаем с модулем, затем добавляем минус. TDD: 6 тестов (включая 0 и отрицательные).
2026-04-07,Карточки,Generics,Переработана карточка #10. Сформулирован ответ о Generics: типобезопасные шаблоны для работы с любыми типами. Пример из проекта — generic-функция post для HTTP-драйвера.,card_preference/methodology,2,1.5ч,Структура ответа: определение → объяснение механизма → пример из проекта → польза.
2026-04-07,Алгоритмы,LeetCode 504: Base 7 (завершение),Задача решена ранее. Переход к LeetCode 405.,day_8/main.go,2,0.5ч,Переход к следующей задаче после карточек.
2026-04-07,Алгоритмы,LeetCode 405: Convert a Number to Hexadecimal,Реализовала конвертацию целого числа в 16-ричную систему (26→1a, -1→ffffffff). Использован two's complement для отрицательных чисел (uint32). TDD: 3 теста.,day_8/main.go,2,1ч,Алгоритм Евклида (деление с остатком) + two's complement. Оптимизация: rune slice + string(s) вместо builder.
2026-04-07,Математика,Khan Academy: Basic Geometry,Завершены Unit 2 (mass/volume) и Unit 3 (measuring angles). Начат Unit 4 (plane figures).,Khan Academy,2,2ч,Продолжаем геометрию. План: завтра LeetCode 12 - Integer to Roman.
2026-04-08,Алгоритмы,LeetCode 12: Integer to Roman,"Реализовала конвертацию целого числа в римскую запись. Использован greedy algorithm с предварительно заданными значениями. TDD: прошла от базовых случаев (1,2,3) до сложных с вычитанием (4,9,40,90,400,900). Оптимизации: strings.Builder с Grow(15), доступ по индексу.",day_9/main.go,3,2.5ч,"Greedy algorithm: всегда берём максимально возможный 'кусок'. Структура RomanNumeral{Value, Symbol}. Сложность O(1) — фиксированное количество итераций."
2026-04-08,Алгоритмы,LeetCode 122: Best Time to Buy and Sell Stock II,"Реализовала подсчёт максимальной прибыли при неограниченном количестве сделок. Greedy: собираем все положительные разницы между соседними днями. TDD: 13 тестов (включая edge cases).",day_9/main.go,2,1ч,"Greedy algorithm: if prices[i] > prices[i-1] → profit += diff. Сложность O(n) время, O(1) память. Покрытие тестов: empty, single, two elements, zigzag, strictly inc/dec, flat."
2026-04-08,Алгоритмы,LeetCode 860: Lemonade Change,"Реализовала проверку возможности давать сдачу клиентам лимонада. Greedy: при получении $20 отдаём $10+$5 (экономим пятёрки), иначе три $5. TDD: 17 тестов.",day_9/main.go,2,1.5ч,"Greedy algorithm: всегда отдаём сдачу оптимально — $10+$5 вместо трёх $5. Две переменные five, ten вместо map. Сложность O(n) время, O(1) память."
2026-04-08,Алгоритмы,LeetCode 455: Assign Cookies,"Реализовала распределение печенек детям с помощью greedy algorithm. Два указателя на отсортированных массивах. TDD: от brute-force до two-pointer оптимизации.",day_9/main.go,2,1ч,"Greedy: сортируем оба массива, даём самую маленькую подходящую печеньку. Сложность O(n log n) из-за сортировки, O(1) доп. память."
2026-04-08,Математика,Khan Academy: Basic Geometry - Unit 4-6,"Завершены Unit 4 (Plane figures), Unit 5 (Units of measurement), Unit 6 (Volume). Изучены плоские фигуры, единицы измерения, объём.",Khan Academy,2,2.5ч,"Продолжение геометрии после арифметики. Плоские фигуры: периметр, площадь. Объём: прямоугольные призмы, цилиндры. Перерыв ~33 минуты не включён."
2026-04-09,Алгоритмы,LeetCode 55: Jump Game,"Реализовала проверку возможности достичь последнего индекса массива. Greedy: отслеживаем maxReach — максимальную позицию, до которой можно добраться. TDD: от простых случаев до корректного greedy.",day_10/main.go,3,2.5ч,"Greedy algorithm: maxReach = max(maxReach, i + nums[i]). Проверка достижимости: if i > maxReach → false. Ранний выход: if maxReach >= len(nums)-1 → true. Перерыв ~1.5ч не включён."
2026-04-09,Алгоритмы,VK Education: Списывание в школе,"Реализовала перемещение всех нулей в конец массива. In-place алгоритм с двумя указателями (чтение и запись). TDD на Go, затем перевод на C++ для сдачи в VK All Cups.",day_10/main.go,2,2.5ч,"Two pointers: read идёт по всему массиву, write указывает куда писать ненулевые. После перемещения заполняем хвост нулями. Сложность O(n) время, O(1) память."
2026-04-09,Алгоритмы,VK Education: Очистка эксперимента,"Реализовала удаление всех вхождений элемента из массива. In-place алгоритм: читаем size+1 элементов (последний - element), фильтруем массив, выводим без удалённых элементов. TDD на Go, затем перевод на C++ для сдачи в VK All Cups (принято платформой).",day_10/main.go,2,1ч,"Two pointers: фильтрация массива без дополнительной памяти. Сложность O(n) время, O(1) память."
2026-04-10,Алгоритмы,VK Education: Слияние двух отсортированных массивов,"Реализовала функцию merge двух отсортированных массивов в третий отсортированный. Two-pointer алгоритм: сравниваем элементы, меньший кладём в результат, двигаем указатель. Остатки копируем через built-in copy(). TDD: 7 тестов (включая пустые массивы и дубликаты).",day_11/main.go,2,2.5ч,"Сложность O(n+m) время, O(n+m) память под результат. Убраны лишние проверки — алгоритм корректно работает с пустыми входами. Оптимизация: copy() вместо slices.Concat для остатков."
2026-04-10,Алгоритмы,VK Education: Rock'n'Run - Максимальное количество очков,"Реализовала поиск максимума в массиве. Простой линейный проход с отслеживанием текущего максимума. TDD: 6 тестов (включая отрицательные числа, один элемент, пустой массив). Перевод на C++ и отправка в VK All Cups.",day_11/main.go,1,1.25ч,"Сложность O(n) время, O(1) доп. память. Рефакторинг: упростила two-pointer до обычного цикла. Перевод на C++: vector<int>, cin/cout."
2026-04-10,Карточки,"Clean Architecture","Переработала карточку #11. Определение, механизм (порты/адаптеры, инверсия зависимостей), пример из RAG-проекта (BM25, RagEngine, QdrantStore/OllamaEmbedder), практическая польза (тестирование, гибкость, локализация ошибок).",Программирование Карточки.csv,2,1ч,Ответ переработан: разговорный стиль, пример из проекта, структура соблюдена
2026-04-10,Карточки,Anki - повторение,"Повторила переработанные карточки (Goroutines, Channels, Select, Mutex, WaitGroup, Context, Graceful Shutdown, errors.Is/errors.As, DI, Generics, Clean Architecture) в Anki.",Программирование Карточки.csv,1,1ч,Интервальное повторение для закрепления материала
2026-04-11,Алгоритмы,LeetCode 485: Max Consecutive Ones,"Реализовала поиск максимальной серии единиц в бинарном массиве. Линейный проход с подсчётом текущей серии и обновлением максимума. TDD: 9 тестов (включая edge cases: все единицы, все нули, один элемент, серии в начале/конце).",day_12/main.go,1,0.5ч,"Простой one-pass алгоритм. Сложность O(n) время, O(1) память. 9 тестов покрывают все edge cases."
2026-04-11,Алгоритмы,LeetCode 1470: Shuffle the Array,"Реализовала перемешивание массива — чередование элементов из двух половин. Один проход, запись по индексам 2*i и 2*i+1. TDD: 6 тестов (включая n=1, одинаковые элементы).",day_12/main.go,1,0.5ч,"Простой O(n) time, O(n) space. Рефакторинг: убрала count, используем 2*i напрямую."
2026-04-11,Карточки,Anki - повторение,"Повторила переработанные карточки (11 штук) в Anki.",Программирование Карточки.csv,1,0.25ч,Интервальное повторение с телефона
2026-04-12,Алгоритмы,LeetCode 21: Merge Two Sorted Lists,"Решена задача слияния двух отсортированных связных списков. Two-pointer merge с dummy node. TDD: 11 тестов (edge cases: пустые списки, дубликаты, отрицательные, один элемент).",day_13/main.go,2,2.5ч,"Сложность O(n+m) время, O(1) доп. память (переиспользуем узлы). Dummy node упрощает логику — не нужен отдельный код для первого элемента."
2026-04-12,Алгоритмы,LeetCode 2206: Divide Array Into Equal Pairs,"Решена задача проверки возможности разбиения массива на пары равных элементов. Frequency counter через map. TDD: 13 тестов (edge cases: пустой массив, все чётные/нечётные частоты, отрицательные, большие числа).",day_13/main.go,2,1.5ч,"Сложность O(n) время, O(n) память. Ключевая проверка: все частоты должны быть чётными (v%2==0)."
2026-04-12,Алгоритмы,LeetCode 2206: Divide Array Into Equal Pairs - OPTIMIZATION,"Оптимизация: заменила map на массив фиксированного размера [501]int. Использование ограничения задачи (1 <= nums[i] <= 500) для прямого индексирования. Убраны накладные расходы хэш-таблицы (хэширование, коллизии). LeetCode: 100% runtime (0ms).",day_13/main.go,1,0.25ч,"Map O(n) с накладными расходами → Array O(n) с прямым доступом. Ключевой инсайт: использовать ограничения входных данных для выбора структуры данных."
2026-04-12,Алгоритмы,LeetCode 2293: Min Max Game,"Решена задача рекурсивного min/max. Итеративный подход: while len(nums)>1 создаём newNums в 2 раза меньше, заполняем min/max по чётности индекса. Упрощение: nums = nums[:len/2] после copy. TDD: 12 тестов.",day_13/main.go,3,1.5ч,"Сложность O(log n) раундов, O(n) память на каждый раунд. Ключевой момент: copy не меняет длину среза, нужно переназначить nums."
2026-04-12,Алгоритмы,LeetCode 2293: Min Max Game - OPTIMIZATION,"Оптимизация: убрана лишняя операция copy. Теперь работаем полностью in-place — пишем результаты min/max прямо в начало массива nums[0..n/2-1], затем урезаем срез. TDD: 12 тестов проходят.",day_13/main.go,2,0.5ч,"Сложность: O(log n) времени (раунды), O(1) доп. памяти (перезапись in-place). Ключевой инсайт: при записи в nums[i] из nums[2*i] и nums[2*i+1] мы не затираем нужные данные, т.к. 2*i > i для i>0, а для i=0 читаем перед записью."
2026-04-12,Карточки,Anki - повторение,"Начало интервального повторения переработанных карточек (11 штук).",Программирование Карточки.csv,1,0ч,Продолжение закрепления материала
2026-04-12,Карточки,Anki - повторение,"Завершено интервальное повторение 11 карточек (Goroutines, Channels, Select, Mutex, WaitGroup, Context, Graceful Shutdown, errors.Is/errors.As, DI, Generics, Clean Architecture).",Программирование Карточки.csv,1,0.75ч,Регулярное повторение для закрепления в долговременной памяти
2026-04-12,Карточки,Ports & Adapters,"Переработала карточку #12. Определение паттерна (отделение ядра от внешних систем), механизм (инверсия зависимостей, порты-интерфейсы, адаптеры-реализации), пример из RAG-проекта (VectorStore порт, QdrantStore адаптер), практическая польза (тестирование, гибкость, локализация ошибок).",Программирование Карточки.csv,2,0.5ч,"Структура ответа: определение → механизм → пример из проекта → польза. Связь с Clean Architecture: оба паттерна используют инверсию зависимостей."
2026-04-12,Алгоритмы,VK Education 1.5 Списки - базовые операции,"Реализовала три операции со связным списком: вставка в начало (insertAtHead, O(1)), вставка в конец (insertAtTail, O(n)), вставка по индексу (insertAtIndex, O(n)). TDD: 7+7+8=22 теста (включая граничные: пустой список, отрицательный индекс, индекс вне диапазона).",day_13/main.go,3,1.5ч,"Ключевые моменты: для вставки по индексу нужен проход до узла index-1; проверка current == nil защищает от выхода за границы; возврат новой головы для insertAtHead."
2026-04-13,Алгоритмы,VK Education 1.5 Списки - reverseList,"Реализована функция разворота односвязного списка. Три указателя: prev, current, next. Early returns для пустого списка и одиночного элемента. TDD: 6 тестов.",day_14/main.go,2,1.5ч,"Сложность O(n) время, O(1) память. Ключевой момент: prev инициализируется как nil — последний элемент развёрнутого списка должен указывать на nil."
2026-04-13,Алгоритмы,VK Education 1.5 Списки - hasCycle,"Реализована функция проверки цикла в односвязном списке (алгоритм Флойда - черепаха и заяц). Два указателя: slow (1 шаг), fast (2 шага). Если встречаются - есть цикл. TDD: 6 тестов (цикл в середине, на голове, на себе, без цикла, пустой, один элемент).",day_14/main.go,3,1.25ч,"Сложность O(n) время, O(1) память. Ключевой инсайт: fast движется в 2 раза быстрее, при цикле fast догонит slow. Helper-функция sliceToListWithCycle для создания циклических списков в тестах."
2026-04-13,Алгоритмы,VK Education 1.5 Списки - middleNode,"Реализована функция поиска середины односвязного списка. Два указателя: slow (1 шаг), fast (2 шага). Когда fast достигает конца, slow указывает на середину. TDD: 5 тестов (нечётная длина, чётная длина - второй средний, один элемент, пустой, два элемента).",day_14/main.go,2,0.5ч,"Сложность O(n) время, O(1) память. Ключевой инсайт: тот же паттерн slow/fast, что и в hasCycle, но без проверки встречи - цикл продолжается пока fast != nil && fast.Next != nil."
2026-04-13,Алгоритмы,VK Education 1.5 Списки - Ближайшие соседи,"Решена задача поиска пары соседних элементов с минимальной разницей в отсортированном массиве. Оптимизация: чтение потоком без хранения массива (O(1) память). Перевод на C++ для сдачи на All Cups.",day_14/vk/nearest_neighbours.cpp,2,1.5ч,"Сложность O(n) время, O(1) доп. память. Ключевой инсайт: можно обрабатывать данные потоково — храним только prev и текущую лучшую пару. С++ перевод в подпапке vk/."
2026-04-13,Карточки,Anki - Карточка #13 DDD,"Переработана карточка #13 Domain-Driven Design. Определение: структура кода повторяет логику бизнеса. Ключевой элемент: Ubiquitous Language — единые термины в разговорах и коде. Примеры из Task Manager: Entities (Task, User с ID), Repository Pattern (интерфейсы в домене, SQLite в адаптерах), отсутствие Value Objects (примитивы с валидацией).",Программирование Карточки.csv,2,0.5ч,"Честный подход: использую идеи DDD для защиты домена, но не строго следую канонам — осознанный выбор в пользу простоты Go-кода."
2026-04-13,Математика,Khan Academy - Unit 6: Volume,"Завершён юнит 6 по объёму фигур. Расчёт объёма прямоугольных призм, понимание концепции объёма как трёхмерного пространства.",Khan Academy,2,0.75ч,Продолжение геометрии для фундамента алгоритмов.
2026-04-13,Математика,Khan Academy - Unit 7: Coordinate plane,"Завершён юнит 7 по координатной плоскости. Работа с осями X и Y, построение точек, понимание четвертей.",Khan Academy,2,0.75ч,База для понимания графов и визуализации алгоритмов.
2026-04-13,Математика,Khan Academy - Unit 8: Decomposing to find area,"Начат юнит 8 по разбиению фигур для нахождения площади. Сложные фигуры, метод декомпозиции.",Khan Academy,2,0.25ч,Начало нового юнита, продолжу в следующий раз.
2026-04-14,Алгоритмы,LeetCode 203: Remove Linked List Elements,"Решена задача удаления элементов из связного списка. Итеративный подход с dummy node для единообразной обработки головы и остальных элементов. TDD: 8 тестов (удаление из середины, головы, подряд идущих дубликатов, все элементы, пустой список).",day_14/main.go,2,0.5ч,"Сложность O(n) время, O(1) память. Ключевой инсайт: dummy node упрощает логику — не нужна отдельная проверка головы после цикла."
2026-04-14,Алгоритмы,LeetCode 83: Remove Duplicates from Sorted List,"Решена задача удаления дубликатов из отсортированного связного списка. Итеративный подход: сравниваем current.Val с current.Next.Val, при совпадении пропускаем (current.Next = current.Next.Next). TDD: 6 тестов (дубликаты в начале, в конце, все одинаковые, нет дубликатов, пустой, один элемент).",day_15/main.go,2,0.5ч,"Сложность O(n) время, O(1) память. Ключевой инсайт: список отсортирован — дубликаты всегда рядом, достаточно сравнивать соседей. continue важен для обработки подряд идущих дубликатов."
2026-04-14,Алгоритмы,LeetCode 234: Palindrome Linked List,"Решена задача проверки палиндрома в связном списке. Трехшаговый алгоритм: 1) нахождение середины (slow/fast), 2) разворот второй половины, 3) сравнение двух половин. TDD: 6 тестов (четная/нечетная длина, палиндром/не палиндром, пустой, один элемент).",day_15/main.go,3,1.5ч,"Сложность O(n) время, O(1) память. Ключевой инсайт: модифицируем список (разворачиваем вторую половину) без дополнительной памяти. Цикл сравнения по reverse гарантирует корректную обработку нечетной длины."
2026-04-14,Алгоритмы,LeetCode 160: Intersection of Two Linked Lists,"Решена задача поиска узла пересечения двух связных списков. Алгоритм A+B (two-pointer): оба указателя проходят len(A)+len(B) узлов, встречаются в точке пересечения. Вспомогательная функция createIntersectingLists для тестов с общими узлами в памяти. TDD: 4 теста + 7 тестов для хелпера.",day_15/main.go,3,2.75ч,"Сложность O(n+m) время, O(1) память. Ключевой инсайт: указатели перескакивают на начало другого списка при достижении конца — оба проходят одинаковое расстояние до встречи."
2026-04-14,Математика,Khan Academy - Unit 8: Decomposing to find area (частично),"Продолжение юнита 8 по разбиению фигур для нахождения площади. Почти завершён, осталось немного. Разбор сложных фигур на простые составляющие, метод декомпозиции.",Khan Academy,2,0.5ч,"Продолжение завтра. Фаза 0: Математический фундамент — почти завершена геометрия."
2026-04-15,Алгоритмы,Стек на односвязном списке,"Реализация стека с базовыми операциями Push, Pop, Top, IsEmpty на основе односвязного списка. Все операции O(1). TDD подход: Red → Green → Refactor.","day_16/main.go, day_16/main_test.go",6,4ч,"Поняла разницу между value и pointer receiver. Освоила принцип LIFO. Следующий шаг: стек на массиве."
2026-04-15,Алгоритмы,Стек на слайсе,"Реализация стека на основе слайса (динамического массива). Все операции O(1) амортизированно. Сравнение с фиксированным массивом для embedded систем.","day_16/main.go, day_16/main_test.go",5,0.5ч,"Разобралась в работе append и амортизированной сложности. Для embedded систем лучше фиксированный массив."
2026-04-15,Математика,Khan Academy - Unit 8: Decomposing to find area (завершён),"Завершён юнит 8 по разбиению фигур для нахождения площади. Метод декомпозиции сложных фигур на простые составляющие (прямоугольники, треугольники). Вычисление площади составных фигур.",Khan Academy,4,1ч,"Unit 8 завершён. Фаза 0: Математический фундамент — геометрия продолжается."
2026-04-16,Алгоритмы,Подготовка к собеседованию ZeroAgency,"Переработка карточек для собеседования: #56 Слайс vs Массив, #57 Строки, #58 Rune, #59 Byte, #60 Map, #61 Go 1.24 Map (Swiss Tables). Обновление плана подготовки с учётом вакансии (High-Load, PostgreSQL, Docker Swarm). Начата #62 any.","Программирование Карточки.csv, interview-prep-plan.md",8,7ч,"6 карточек готовы. Собеседование 20 апреля. Осталось 3 дня."
2026-04-21,Алгоритмы,Дек на кольцевом буфере,"Реализация Dequeue (PushFront, PushBack, PopFront, PopBack) на основе кольцевого буфера. TDD подход: 12 тестов. Обработка переполнения и пустых состояний.","day_18/main.go, day_18/main_test.go",3,4.71ч,"Сложность O(1) для всех операций. Важно: формула (i - 1 + len) % len для движения назад."
2026-04-21,Алгоритмы,LeetCode 20: Valid Parentheses,"Реализована проверка валидности скобочных последовательностей с использованием стека на слайсе и мапы пар. TDD подход: 9 тестов.",day_18/main.go,2,1.08ч,"Сложность O(n) время, O(n) память. Использование мапы для гибкости и проверки финального состояния стека."
2026-04-24,Математика,Unit 10: Circles,Изучила площадь и длину окружности (включая части круга) на Khan Academy,-,2,.30ч,Понимание зависимости площади от радиуса. Подготовка к вычислительной геометрии.
2026-04-24,Алгоритмы,Тест VK Education 1.6,"Прошла тест по теме Очереди, деки и стек. Закрепила понимание работы линейных структур данных.",-,3,.27ч,Все темы модуля 1.6 освоены.
2026-04-24,Карточки,Go: defer,"Переработана карточка #14: defer. Добавлены детали про LIFO, вычисление аргументов, open-coded defer (1.14+) и пример из RAG-сервиса.",Программирование Карточки.csv,2,.52ч,Добавлен раздел с типичными вопросами на собеседовании.
2026-04-24,Алгоритмы,LeetCode 217: Contains Duplicate,"Решена первая задача из роадмапа NeetCode. Закрепила использование map[T]struct{} как HashSet и оптимизацию аллокации через make.",day_19/main.go,1,0.5ч,Разобрали разницу между range и циклом по индексу.
2026-04-24,Алгоритмы,LeetCode 242: Valid Anagram,"Решена задача на анаграммы. Использован массив [26]int для оптимизации памяти до O(1).",day_19/main.go,2,0.5ч,Разобрали работу с ASCII-смещениями (r - 'a')."
2026-04-24,Алгоритмы,Практика: findTwiceSymbols,"Решена задача на поиск символов, встречающихся ровно дважды. Реализован двухпроходный алгоритм для сохранения порядка.",day_19/main.go,2,0.4ч,Паттерн: Frequency Counting + Two-pass для сохранения порядка."
2026-04-24,Алгоритмы,LeetCode 387: First Unique Character,"Решена задача на поиск первого уникального символа. Использован двухпроходный алгоритм с массивом частот [26]int.",day_19/main.go,1,0.3ч,Оптимизация: O(n) время и O(1) память."
2026-04-24,Алгоритмы,LeetCode 2351: First Letter Twice,"Решена задача на поиск первого повторяющегося символа. Использован однопроходный алгоритм с ранним выходом.",day_19/main.go,1,0.3ч,Максимальная эффективность за счет выхода при первом дубликате."
2026-04-24,Алгоритмы,LeetCode 49: Group Anagrams,"Решена первая задача уровня Medium. Использован массив [26]int как ключ мапы для группировки слов.",day_19/main.go,3,0.5ч,Изучили сравниваемость массивов в Go и оптимизацию очистки памяти."
2026-04-24,Алгоритмы,LeetCode 1: Two Sum,"Решена классическая задача на поиск пары чисел. Использована мапа для поиска дополнения за один проход.",day_19/main.go,2,0.4ч,Паттерн: One-pass HashMap."
2026-04-24,Математика,Unit 10: Volume of cylinders,"Изучила расчет объема цилиндров, завершила основную часть Unit 10.",-,2,1.32ч,Осталось 2 квиза до полного завершения юнита."
2026-04-25,Математика,Unit 10: Circles/Cylinders/Cones/Spheres,"Завершены финальные квизы по Unit 10. Закрепила формулы объемов и площадей.",-,2,.40ч,Unit 10 готов!
2026-04-25,Математика,Unit 11: Angle relationships,"Изучены вертикальные, смежные и дополняющие углы.",-,2,.50ч,Практика на базовые зависимости углов.
2026-04-25,Математика,Unit 11: Missing angles,"Решение задач на нахождение недостающих углов через линейные уравнения.",-,2,.82ч,Закрепила составление уравнений на основе свойств углов.
2026-04-25,Математика,Unit 11: Parallel lines and transversals,"Изучены свойства углов при пересечении параллельных прямых секущей.",-,2,.47ч,Практика на соответственные и накрест лежащие углы.
2026-04-25,Карточки,Go: Повторение,"Повторила карточки по Go (Goroutines, Channels, Mutex, Defer и др.) из файла Программирование Карточки.csv",-,1,.81ч,Интервальное повторение.
2026-04-25,Алгоритмы,LeetCode 205: Isomorphic Strings,"Решена задача на проверку изоморфности строк. Использован паттерн отслеживания индекса последнего появления (Last Seen Index) с двумя массивами.",day_20/main.go,2,0.6ч,Оптимизация памяти до O(1) через фиксированные массивы [256]int."
2026-04-25,Алгоритмы,LeetCode 219: Contains Duplicate II,"Решена задача на поиск дубликатов в окне K. Использована мапа для хранения последнего индекса каждого числа.",day_20/main.go,2,0.4ч,Паттерн: Hash Map для хранения состояния индексов."
2026-04-25,Математика,Unit 11: Angle relationships,"Полностью завершен юнит по углам. Изучены свойства треугольников, параллельных прямых и решение задач на поиск углов.",-,3,5.08ч,Геометрическая база Фазы 0 значительно укреплена.
2026-04-25,Алгоритмы,LeetCode 1002: Find Common Chars,"Решена задача на поиск общих символов. Использован двухпроходный алгоритм с массивами частот и min() для пересечения.",day_20/main.go,2,2.45ч,Паттерн: Frequency Counting Intersection."
2026-04-25,Алгоритмы,LeetCode 350: Intersection of Two Arrays II,"Решена задача на пересечение двух массивов с учетом частот. Использован массив частот [1001]int для оптимизации памяти до O(1).",day_20/main.go,2,0.5ч,Паттерн: Frequency Counting Intersection."
2026-04-26,Алгоритмы,LeetCode 383: Ransom Note,"Решена задача на проверку достаточности символов. Использован массив частот для инвентаризации ресурсов.",day_21/main.go,2,0.5ч,Паттерн: Frequency Counting Sufficiency."
2026-04-26,Алгоритмы,LeetCode 1189: Max Number of Balloons,"Решена задача на поиск лимитирующего ресурса. Использован паттерн Frequency Counting с расчетом потенциала каждой буквы.",day_21/main.go,2,0.5ч,Паттерн: Frequency Counting Limiting Factor."
2026-04-26,Карточки,Повторение,Повторила карточки по Go (особое внимание рунам и строкам),Программирование Карточки.csv,1,0.6ч,Закрепила понимание UTF-8 и рун.
2026-04-26,Алгоритмы,LeetCode 347: Top K Frequent Elements,"Решена первая задача уровня Medium. Использован Bucket Sort для достижения O(N) сложности.",day_21/main.go,3,0.8ч,Паттерн: Bucket Sort."
2026-04-26,Книги,Грокаем алгоритмы (Глава 1),"Изучен бинарный поиск и O-нотация. Реализован классический Binary Search.",day_21/main.go,1,1.0ч,Построение интуиции и базового поиска."
2026-04-26,Книги,Грокаем алгоритмы (Глава 2),"Изучена разница между массивами и связными списками, а также алгоритм сортировки выбором.",day_21/main.go,1,0.75ч,Понимание структур данных и O(n^2) сортировки."
2026-04-26,Математика,Unit 12: Scale,"Изучены масштабирование, пропорции и работа с чертежами/картами.",-,2,1.25ч,Понимание пропорционального изменения величин."
2026-04-26,Алгоритмы,LeetCode 451: Sort Characters By Frequency,"Оптимизирована задача на сортировку по частоте. Использован подход Frequency Map + Sort Unique Chars (O(N) + O(K log K)) с strings.Builder. Достигнута O(N) сложность.",day_21/main.go,3,0.5ч,Паттерн: Bucket Sort String Construction."
2026-04-27,Алгоритмы,LeetCode 1636: Sort Array by Increasing Frequency,"Решена задача на сортировку по частоте с кастомной логикой. Использован Bucket Sort и slices.SortFunc для сортировки внутри бакетов.",day_22/main.go,2,0.7ч,Паттерн: Bucket Sort with internal sorting."
2026-04-27,Карточки,Повторение,Повторила карточки по Go (интенсивное повторение),Программирование Карточки.csv,1,0.5ч,Закрепление базы перед новыми задачами.
2026-04-27,Алгоритмы,LeetCode 692: Top K Frequent Words,"Решена задача на поиск топ-K слов. Использован Bucket Sort с лексикографической сортировкой внутри бакетов.",day_22/main.go,3,0.8ч,Паттерн: Bucket Sort Lexicographical."
2026-04-27,Алгоритмы,LeetCode 238: Product of Array Except Self,"Решена задача на вычисление произведения всех элементов, кроме текущего. Использован паттерн Prefix & Suffix Products.",day_22/main.go,3,0.5ч,Паттерн: Prefix & Suffix Products O(N) time O(1) space."
2026-04-27,Алгоритмы,LeetCode 303: Range Sum Query - Immutable,"Решена задача на префиксные суммы. Реализованы Constructor и SumRange.",day_22/main.go,2,0.6ч,Паттерн: Prefix Sums."
2026-04-29,Алгоритмы,LeetCode 128: Longest Consecutive Sequence,"Решена последняя задача в блоке Arrays & Hashing. Использован Intelligent HashSet Search.",day_22/main.go,3,0.8ч,Паттерн: Intelligent HashSet Search."
2026-04-29,Алгоритмы,LeetCode 128: Longest Consecutive Sequence,"Решена последняя задача в блоке Arrays & Hashing. Использован Intelligent HashSet Search.",day_24/main.go,3,0.8ч,Паттерн: Intelligent HashSet Search."
2026-04-30,Алгоритмы,LeetCode 387: First Unique Character (разминка),"Решена задача на поиск первого уникального символа через два прохода с массивом частот.",day_25/main.go,1,0.3ч,Разминка: O(N) time O(1) space."
2026-04-30,Алгоритмы,LeetCode 202: Happy Number,"Решена задача двумя способами: через HashSet и алгоритм Флойда (Черепаха и Заяц). Достигнута O(1) space сложность.",day_25/main.go,2,1.2ч,Паттерн: Cycle Detection (Floyd's Algorithm)."
2026-04-30,Алгоритмы,LeetCode 36: Valid Sudoku,"Решена задача на валидацию матрицы 9x9. Использованы три двумерных массива bool для O(1) проверки дубликатов в строках, колонках и боксах.",day_25/main.go,2,0.8ч,Паттерн: Matrix Validation with Direct Addressing."
